{
	"pattrstorage" : 	{
		"name" : "birdPreset",
		"slots" : 		{
			"1" : 			{
				"id" : 1,
				"data" : 				{
					"envelopes" : [ "data", 0, 10, 300.0, 0.0, 1.0, 0.0, 0.0, 0, 300.0, 0.0, 0, "linear", "data", 1, 10, 300.0, 0.0, 1.0, 0.0, 1.0, 0, 300.0, 0.871428571428571, 0, "linear", "data", 2, 10, 300.0, 0.0, 1.0, 0.0, 0.0, 0, 300.0, 0.0, 0, "linear", "data", 3, 16, 300.0, 0.0, 1.0, 0.0, 0.714285714285714, 0, 0.0, 0.985714285714286, 0, 300.0, 0.0, 0, 300.0, 0.0, 0, "linear", "data", 4, 10, 300.0, 0.0, 1.0, 0.0, 1.0, 0, 300.0, 1.0, 0, "linear", "data", 5, 10, 300.0, 0.0, 1.0, 0.0, 1.0, 0, 300.0, 1.0, 0, "linear", "data", 6, 22, 300.0, 0.0, 1.0, 0.707547169811321, 0.320454545454545, 0, 116.745283018867923, 0.306818181818182, 0, 130.188679245283026, 0.252272727272727, 0, 213.679245283018872, 0.206818181818182, 0, 225.707547169811335, 0.156818181818182, 0, 300.0, 0.093181818181818, 0, "linear", "data", 7, 10, 300.0, 0.0, 1.0, 0.0, 0.6, 0, 300.0, 0.628571428571429, 0, "linear", "data", 8, 10, 300.0, 0.0, 1.0, 0.0, 0.761363636363636, 0, 300.0, 0.754545454545455, 0, "linear", "data", 9, 13, 300.0, 0.0, 1.0, 0.0, 0.872727272727273, 0, 104.009433962264154, 0.902272727272727, 0, 300.0, 0.863636363636364, 0, "linear", "data", 10, 16, 300.0, 0.0, 1.0, 0.0, 0.0, 0, 4.245283018867925, 1.0, 0, 283.018867924528308, 0.993181818181818, 0, 300.0, 0.0, 0, "linear" ],
					"timeScale" : [ 300.0 ]
				}

			}
,
			"2" : 			{
				"id" : 2,
				"data" : 				{
					"envelopes" : [ "data", 0, 10, 100.0, 0.0, 1.0, 0.0, 0.0, 0, 100.0, 0.0, 0, "linear", "data", 1, 10, 100.0, 0.0, 1.0, 0.0, 1.0, 0, 100.0, 0.871428571428571, 0, "linear", "data", 2, 10, 100.0, 0.0, 1.0, 0.0, 0.0, 0, 100.0, 0.0, 0, "linear", "data", 3, 16, 100.0, 0.0, 1.0, 0.0, 0.714285714285714, 0, 0.0, 0.985714285714286, 0, 100.0, 0.0, 0, 100.0, 0.0, 0, "linear", "data", 4, 10, 100.0, 0.0, 1.0, 0.0, 1.0, 0, 100.0, 1.0, 0, "linear", "data", 5, 10, 100.0, 0.0, 1.0, 0.0, 1.0, 0, 100.0, 1.0, 0, "linear", "data", 6, 13, 100.0, 0.0, 1.0, 0.235849056603774, 0.320454545454545, 0, 38.915094339622641, 0.306818181818182, 0, 99.528301886792448, 0.104545454545455, 0, "linear", "data", 7, 10, 100.0, 0.0, 1.0, 0.0, 0.6, 0, 100.0, 0.628571428571429, 0, "linear", "data", 8, 10, 100.0, 0.0, 1.0, 0.0, 0.761363636363636, 0, 100.0, 0.722727272727273, 0, "linear", "data", 9, 13, 100.0, 0.0, 1.0, 0.0, 1.0, 0, 34.669811320754718, 0.902272727272727, 0, 100.0, 0.75, 0, "linear", "data", 10, 16, 100.0, 0.0, 1.0, 0.0, 0.0, 0, 1.415094339622641, 1.0, 0, 94.339622641509436, 0.993181818181818, 0, 100.0, 0.0, 0, "linear" ],
					"timeScale" : [ 100.0 ]
				}

			}
,
			"11" : 			{
				"id" : 11,
				"data" : 				{
					"envelopes" : [ "data", 0, 10, 700.0, 0.0, 1.0, 0.0, 0.568181818181818, 0, 700.0, 0.0, 0, "linear", "data", 1, 16, 700.0, 0.0, 1.0, 3.30188679245283, 0.177272727272727, 0, 300.471698113207538, 0.177272727272727, 0, 399.528301886792462, 0.990909090909091, 0, 700.0, 1.0, 0, "linear", "data", 2, 10, 700.0, 0.0, 1.0, 0.0, 1.0, 0, 685.141509433962256, 0.0, 0, "linear", "data", 3, 16, 700.0, 0.0, 1.0, 4.952830188679245, 0.127272727272727, 0, 312.028301886792406, 0.131818181818182, 0, 383.018867924528251, 1.0, 0, 696.698113207547067, 1.0, 0, "linear", "data", 4, 16, 700.0, 0.0, 1.0, 3.30188679245283, 1.0, 0, 300.471698113207538, 0.995454545454545, 0, 340.094339622641485, 0.022727272727273, 0, 700.0, 0.0, 0, "linear", "data", 5, 10, 700.0, 0.0, 1.0, 0.0, 1.0, 0, 700.0, 1.0, 0, "linear", "data", 6, 16, 700.0, 0.0, 1.0, 4.952830188679245, 0.154545454545455, 0, 316.981132075471692, 0.136363636363636, 0, 386.320754716981071, 0.531818181818182, 0, 700.0, 0.55, 0, "linear", "data", 7, 16, 700.0, 0.0, 1.0, 8.254716981132075, 0.990909090909091, 0, 312.028301886792406, 1.0, 0, 348.349056603773533, 0.345454545454545, 0, 700.0, 0.336363636363636, 0, "linear", "data", 8, 10, 700.0, 0.0, 1.0, 3.30188679245283, 0.640909090909091, 0, 700.0, 0.65, 0, "linear", "data", 9, 10, 700.0, 0.0, 1.0, 0.0, 0.445454545454545, 0, 700.0, 0.477272727272727, 0, "linear", "data", 10, 34, 700.0, 0.0, 1.0, 0.0, 0.0, 0, 16.509433962264151, 0.522727272727273, 0, 237.735849056603769, 0.572727272727273, 0, 250.943396226415075, 0.0, 0, 303.773584905660357, 0.0, 0, 366.509433962264097, 0.0, 0, 401.179245283018872, 0.922727272727273, 0, 581.132075471698158, 1.0, 0, 693.396226415094361, 1.0, 0, 700.0, 0.0, 0, "linear" ],
					"timeScale" : [ 700.0 ]
				}

			}
,
			"12" : 			{
				"id" : 12,
				"data" : 				{
					"envelopes" : [ "data", 0, 10, 300.0, 0.0, 1.0, 0.0, 0.813636363636364, 0, 300.0, 0.863636363636364, 0, "linear", "data", 1, 10, 300.0, 0.0, 1.0, 0.0, 0.959090909090909, 0, 300.0, 1.0, 0, "linear", "data", 2, 10, 300.0, 0.0, 1.0, 0.0, 0.672727272727273, 0, 300.0, 0.631818181818182, 0, "linear", "data", 3, 10, 300.0, 0.0, 1.0, 0.0, 0.0, 0, 300.0, 0.0, 0, "linear", "data", 4, 10, 300.0, 0.0, 1.0, 0.0, 1.0, 0, 300.0, 1.0, 0, "linear", "data", 5, 10, 300.0, 0.0, 1.0, 0.0, 1.0, 0, 300.0, 1.0, 0, "linear", "data", 6, 10, 300.0, 0.0, 1.0, 0.70754716981132, 0.304545454545455, 0, 300.0, 0.231818181818182, 0, "linear", "data", 7, 10, 300.0, 0.0, 1.0, 0.0, 1.0, 0, 300.0, 1.0, 0, "linear", "data", 8, 13, 300.0, 0.0, 1.0, 0.0, 0.836363636363636, 0, 211.556603773584868, 0.772727272727273, 0, 300.0, 0.768181818181818, 0, "linear", "data", 9, 10, 300.0, 0.0, 1.0, 0.0, 0.822727272727273, 0, 300.0, 0.804545454545455, 0, "linear", "data", 10, 16, 300.0, 0.0, 1.0, 0.0, 0.0, 0, 4.952830188679245, 0.768181818181818, 0, 283.726415094339643, 0.763636363636364, 0, 300.0, 0.0, 0, "linear" ],
					"timeScale" : [ 300.0 ]
				}

			}
,
			"13" : 			{
				"id" : 13,
				"data" : 				{
					"envelopes" : [ "data", 0, 10, 70.0, 0.0, 1.0, 0.0, 0.813636363636364, 0, 70.0, 0.863636363636364, 0, "linear", "data", 1, 10, 70.0, 0.0, 1.0, 0.0, 0.959090909090909, 0, 70.0, 1.0, 0, "linear", "data", 2, 10, 70.0, 0.0, 1.0, 0.0, 0.672727272727273, 0, 70.0, 0.631818181818182, 0, "linear", "data", 3, 10, 70.0, 0.0, 1.0, 0.0, 1.0, 0, 70.0, 1.0, 0, "linear", "data", 4, 10, 70.0, 0.0, 1.0, 0.0, 1.0, 0, 70.0, 1.0, 0, "linear", "data", 5, 10, 70.0, 0.0, 1.0, 0.0, 0.990909090909091, 0, 70.0, 1.0, 0, "linear", "data", 6, 10, 70.0, 0.0, 1.0, 0.0, 0.159090909090909, 0, 70.0, 0.172727272727273, 0, "linear", "data", 7, 10, 70.0, 0.0, 1.0, 0.0, 1.0, 0, 70.0, 1.0, 0, "linear", "data", 8, 10, 70.0, 0.0, 1.0, 0.0, 0.227272727272727, 0, 70.0, 0.072727272727273, 0, "linear", "data", 9, 10, 70.0, 0.0, 1.0, 0.165094339622642, 0.277272727272727, 0, 70.0, 0.372727272727273, 0, "linear", "data", 10, 22, 70.0, 0.0, 1.0, 0.0, 0.0, 0, 8.419811320754716, 0.845454545454545, 0, 21.627358490566035, 0.981818181818182, 0, 36.650943396226403, 0.981818181818182, 0, 62.90094339622641, 0.868181818181818, 0, 70.0, 0.0, 0, "linear" ],
					"timeScale" : [ 70.0 ]
				}

			}
,
			"14" : 			{
				"id" : 14,