{
	"pattrstorage" : 	{
		"name" : "birdPreset",
		"slots" : 		{
			"1" : 			{
				"id" : 1,
				"data" : 				{
					"envelopes" : [ "data", 0, 10, 300.0, 0.0, 1.0, 0.0, 0.0, 0, 300.0, 0.0, 0, "linear", "data", 1, 10, 300.0, 0.0, 1.0, 0.0, 1.0, 0, 300.0, 0.871428571428571, 0, "linear", "data", 2, 10, 300.0, 0.0, 1.0, 0.0, 0.0, 0, 300.0, 0.0, 0, "linear", "data", 3, 16, 300.0, 0.0, 1.0, 0.0, 0.714285714285714, 0, 0.0, 0.985714285714286, 0, 300.0, 0.0, 0, 300.0, 0.0, 0, "linear", "data", 4, 10, 300.0, 0.0, 1.0, 0.0, 1.0, 0, 300.0, 1.0, 0, "linear", "data", 5, 10, 300.0, 0.0, 1.0, 0.0, 1.0, 0, 300.0, 1.0, 0, "linear", "data", 6, 22, 300.0, 0.0, 1.0, 0.707547169811321, 0.320454545454545, 0, 116.745283018867923, 0.306818181818182, 0, 130.188679245283026, 0.252272727272727, 0, 213.679245283018872, 0.206818181818182, 0, 225.707547169811335, 0.156818181818182, 0, 300.0, 0.093181818181818, 0, "linear", "data", 7, 10, 300.0, 0.0, 1.0, 0.0, 0.6, 0, 300.0, 0.628571428571429, 0, "linear", "data", 8, 16, 300.0, 0.0, 1.0, 0.0, 0.761363636363636, 0, 100.471698113207552, 0.570454545454545, 0, 214.386792452830178, 0.511363636363636, 0, 300.0, 0.315909090909091, 0, "linear", "data", 9, 22, 300.0, 0.0, 1.0, 0.0, 1.0, 0, 104.009433962264154, 0.902272727272727, 0, 136.556603773584897, 0.552272727272727, 0, 208.726415094339615, 0.506818181818182, 0, 236.320754716981128, 0.306818181818182, 0, 300.0, 0.165909090909091, 0, "linear", "data", 10, 16, 300.0, 0.0, 1.0, 0.0, 0.0, 0, 4.245283018867925, 1.0, 0, 283.018867924528308, 0.993181818181818, 0, 300.0, 0.0, 0, "linear" ],
					"timeScale" : [ 300.0 ]
				}

			}
,
			"2" : 			{
				"id" : 2,
				"data" : 				{
					"envelopes" : [ "data", 0, 10, 100.0, 0.0, 1.0, 0.0, 0.0, 0, 100.0, 0.0, 0, "linear", "data", 1, 10, 100.0, 0.0, 1.0, 0.0, 1.0, 0, 100.0, 0.871428571428571, 0, "linear", "data", 2, 10, 100.0, 0.0, 1.0, 0.0, 0.0, 0, 100.0, 0.0, 0, "linear", "data", 3, 16, 100.0, 0.0, 1.0, 0.0, 0.714285714285714, 0, 0.0, 0.985714285714286, 0, 100.0, 0.0, 0, 100.0, 0.0, 0, "linear", "data", 4, 10, 100.0, 0.0, 1.0, 0.0, 1.0, 0, 100.0, 1.0, 0, "linear", "data", 5, 10, 100.0, 0.0, 1.0, 0.0, 1.0, 0, 100.0, 1.0, 0, "linear", "data", 6, 13, 100.0, 0.0, 1.0, 0.235849056603774, 0.320454545454545, 0, 38.915094339622641, 0.306818181818182, 0, 99.528301886792448, 0.104545454545455, 0, "linear", "data", 7, 10, 100.0, 0.0, 1.0, 0.0, 0.6, 0, 100.0, 0.628571428571429, 0, "linear", "data", 8, 16, 100.0, 0.0, 1.0, 0.0, 0.761363636363636, 0, 33.490566037735846, 0.570454545454545, 0, 71.462264150943383, 0.511363636363636, 0, 100.0, 0.315909090909091, 0, "linear", "data", 9, 22, 100.0, 0.0, 1.0, 0.0, 1.0, 0, 34.669811320754718, 0.902272727272727, 0, 45.518867924528294, 0.552272727272727, 0, 69.575471698113205, 0.506818181818182, 0, 78.773584905660371, 0.306818181818182, 0, 100.0, 0.165909090909091, 0, "linear", "data", 10, 16, 100.0, 0.0, 1.0, 0.0, 0.0, 0, 1.415094339622641, 1.0, 0, 94.339622641509436, 0.993181818181818, 0, 100.0, 0.0, 0, "linear" ],
					"timeScale" : [ 100.0 ]
				}

			}

		}

	}

}
